id,Area(total),Nbedrooms,Nwashrooms,Roof(Area),Lawn(Area),Nfloors,API,ANB,Grade,Price
1,339,4,5,147,62,5,95,3,1,2996
2,206,7,6,133,93,1,87,6,1,19918
3,323,3,3,145,57,4,76,5,2,1835
4,357,6,2,72,96,5,68,6,5,13432
5,320,4,7,108,90,3,61,4,3,4584
6,236,5,3,71,64,3,94,2,3,4007
7,341,4,7,80,77,2,90,1,5,7158
8,205,6,1,105,87,4,83,1,4,9538
9,292,3,3,140,83,1,62,3,3,1224
10,272,6,3,71,83,3,80,5,4,10094
11,349,4,1,90,64,1,93,6,1,2923
12,317,7,6,98,66,5,74,3,2,19397
13,322,5,6,117,58,1,75,1,5,8115
14,296,2,6,103,62,5,87,1,3,2749
15,226,5,7,128,66,5,72,1,3,6882
16,200,2,2,109,69,2,85,5,5,4275
17,288,4,4,113,68,4,80,4,3,2587
18,229,7,2,75,73,5,95,3,5,21127
19,254,3,4,120,63,2,61,4,2,1302
20,390,2,2,119,89,5,88,2,3,1616
21,221,5,5,150,60,4,64,1,5,7627
22,216,6,5,135,79,1,83,1,4,9942
23,205,4,1,107,86,4,61,2,5,4880
24,362,4,7,122,86,1,86,2,2,4135
25,398,5,4,67,53,5,76,6,3,6143
26,339,6,6,106,62,4,73,2,3,10165
27,341,2,7,91,57,5,64,2,5,6757
28,362,4,2,67,91,3,81,5,5,5468
29,298,6,6,97,88,4,78,4,4,11168
30,351,2,1,76,96,3,61,5,1,1321
31,257,5,2,138,89,3,72,2,5,6919
32,293,7,1,75,97,1,95,1,3,17616
33,377,4,4,132,75,3,91,3,5,5242
34,290,5,4,88,63,5,60,5,1,5128
35,348,6,1,127,53,4,66,1,1,8626
36,211,4,2,75,50,5,90,1,4,3115
37,297,2,1,145,96,3,66,4,1,975
38,206,5,4,105,61,5,93,5,3,5336
39,234,6,7,70,90,5,93,1,3,11528
40,220,5,4,132,91,3,74,4,1,4237
41,235,3,7,114,65,1,64,1,2,3156
42,249,3,2,74,71,1,82,5,3,1607
43,295,3,5,148,61,2,67,5,4,3108
44,378,4,3,97,90,5,68,4,3,2864
45,315,7,3,142,100,5,76,2,1,18165
46,361,2,7,80,51,2,81,4,2,3313
47,221,3,2,141,97,3,87,1,3,1131
48,352,7,5,133,65,4,89,3,3,18651
49,365,4,6,74,87,4,62,1,4,4194
50,243,2,5,117,75,5,62,4,3,2278
51,225,7,2,81,58,5,75,5,2,18541
52,324,5,4,118,65,4,62,3,2,4322
53,242,7,1,133,61,5,68,3,1,18019
54,225,4,6,131,93,3,71,4,4,4203
55,241,7,1,81,87,2,92,6,5,21751
56,299,6,3,97,59,5,72,6,3,10544
57,232,7,1,69,50,5,86,6,1,19164
58,364,4,2,75,75,5,65,3,3,2570
59,212,3,3,99,55,2,74,4,4,2065
60,207,3,5,59,61,4,63,3,5,4716
61,338,3,4,108,85,2,72,5,1,1748
62,207,3,6,68,94,5,70,3,1,2682
63,271,2,6,52,77,3,87,3,5,5103
64,212,2,3,119,86,1,60,5,5,4344
65,371,7,3,125,61,5,88,4,2,18445
66,285,4,3,150,60,4,71,6,3,3462
67,290,7,3,132,93,3,94,5,5,21325
68,346,7,7,51,99,2,71,5,1,20421
69,339,4,1,70,71,3,91,2,2,1730
70,397,6,2,126,76,3,85,5,3,9425
71,328,5,6,118,86,2,88,1,4,6081
72,231,6,7,134,66,3,86,4,3,11270
73,215,6,5,78,82,5,94,4,5,12880
74,270,7,7,62,77,1,68,2,1,19700
75,350,7,5,124,56,5,65,4,3,19155
76,240,3,4,146,79,2,94,3,1,1159
77,281,6,1,68,59,5,61,1,3,9115
78,269,6,5,84,69,5,75,1,2,9552
79,340,3,5,80,88,4,60,5,1,2320
80,297,7,1,82,53,4,80,2,5,20718
81,265,6,1,87,54,2,75,2,2,8321
82,355,7,5,143,98,4,61,4,2,18631
83,206,5,1,83,72,4,79,1,1,3819
84,284,7,6,103,93,2,75,2,5,21818
85,252,7,7,124,93,1,71,6,5,24167
86,292,3,6,139,99,5,63,3,3,3086
87,322,5,5,102,60,5,72,4,1,5187
88,302,2,6,126,86,2,61,5,1,2548
89,308,5,6,113,57,3,74,4,5,8437
90,284,4,6,55,74,5,64,4,2,3706
91,241,3,7,70,50,4,79,1,1,3345
92,257,4,4,129,81,3,72,2,2,1944
93,206,6,6,98,79,4,95,1,2,9838
94,292,2,6,56,85,3,75,4,2,2203
95,394,6,6,145,62,4,62,2,1,10012
96,386,2,2,118,63,2,93,2,1,740
97,303,6,5,80,90,3,63,4,4,10296
98,338,2,6,130,64,5,86,1,3,2813
99,335,3,5,133,73,3,86,5,3,2448
100,382,2,7,96,82,4,67,3,5,6519
101,312,6,6,67,84,3,78,4,3,10195
102,392,7,1,107,66,2,76,5,5,21216
103,232,6,1,52,80,3,76,1,5,11423
104,293,3,7,62,89,4,86,4,1,3690
105,327,2,6,100,76,3,65,5,1,2604
106,363,4,6,117,98,3,92,1,4,4099
107,251,6,5,150,54,2,71,6,4,11268
108,386,5,5,109,98,5,87,1,1,5053
109,353,7,2,103,76,1,80,2,2,17487
110,200,7,4,92,73,1,74,1,5,20626
111,316,5,5,57,65,1,72,1,2,4298
112,259,4,1,85,59,2,69,1,1,1512
113,260,2,3,65,88,4,73,4,5,4241
114,249,4,6,136,83,4,85,3,2,3243
115,267,5,1,143,50,5,77,6,5,8705
116,210,4,5,107,75,4,63,4,5,5739
117,335,4,2,134,63,2,87,4,5,5058
118,340,6,6,87,80,5,93,3,4,11398
119,255,4,3,79,94,2,64,3,5,4818
120,375,4,6,92,70,1,69,6,3,4465
121,218,4,4,137,100,5,84,2,4,3489
122,215,5,3,119,89,3,62,4,2,4062
123,208,7,7,147,70,1,69,6,2,21034
124,395,4,5,57,95,1,70,3,3,2589
125,291,6,1,69,97,4,64,4,1,8813
126,376,5,3,109,89,1,63,3,1,3930
127,333,4,1,77,95,2,60,2,3,1864
128,329,3,5,71,82,1,75,5,5,5180
129,252,3,5,72,93,4,91,5,2,2288
130,237,3,1,113,98,5,72,4,2,1674
131,388,3,5,86,55,4,72,1,4,2751
132,246,6,6,146,80,5,66,3,2,10352
133,339,7,3,129,56,1,89,3,5,20709
134,288,5,1,127,84,1,67,5,3,4560
135,350,3,5,68,90,1,63,1,2,1471
136,318,3,1,73,61,3,62,1,2,873
137,293,2,2,112,68,1,93,5,2,1267
138,201,4,6,66,72,3,81,3,4,3921
139,327,3,7,103,57,4,67,3,3,3774
140,253,7,4,87,71,4,71,3,5,21007
141,385,4,2,127,91,1,62,4,2,1991
142,282,7,6,99,93,1,86,5,5,22409
143,227,3,1,149,76,5,77,1,5,4527
144,376,2,4,82,89,4,81,2,1,1186
145,258,4,3,113,50,3,68,5,4,3326
146,216,6,6,104,86,1,87,5,5,13311
147,281,5,3,139,80,1,75,4,1,4035
148,297,7,7,97,96,4,88,1,1,20045
149,329,3,5,81,93,1,60,4,4,2716
150,326,5,2,93,57,1,92,1,1,3711
151,223,7,4,57,52,5,77,2,3,18360
152,372,7,7,145,78,3,62,3,2,20057
153,247,2,7,64,73,5,62,5,1,4130
154,287,5,1,139,73,2,79,5,5,7475
155,287,3,7,60,85,1,86,5,1,3794
156,398,6,5,73,98,4,76,4,3,9804
157,300,4,3,105,57,4,75,1,2,1935
158,385,5,7,80,53,5,86,1,3,7002
159,254,6,2,74,73,1,95,6,1,9582
160,321,7,4,144,61,2,78,3,1,17767
161,212,5,3,95,63,2,84,4,1,3935
162,242,5,1,131,52,4,92,2,2,3946
163,223,7,4,59,79,1,87,2,4,18551
164,388,3,3,134,99,4,75,3,5,4484
165,249,6,6,145,82,3,60,5,5,13434
166,275,5,6,149,79,4,89,4,1,5523
167,300,3,3,88,77,5,72,6,3,3020
168,274,7,5,106,77,4,77,6,5,22645
169,276,3,1,146,81,1,85,5,2,1493
170,246,5,6,74,98,5,66,5,2,6182
171,251,5,3,142,96,2,90,5,4,5455
172,250,6,4,128,96,1,88,4,1,8852
173,306,7,3,86,64,3,70,6,1,18796
174,281,3,5,124,68,5,91,6,4,4376
175,323,5,6,66,64,2,69,5,2,5620
176,363,2,5,131,65,4,89,3,3,1890
177,284,5,7,144,70,5,75,6,4,9039
178,332,3,7,95,66,3,93,4,5,6694
179,381,2,7,146,53,3,74,4,3,3664
180,383,6,2,90,53,5,89,1,2,9069
181,371,2,2,67,100,3,85,2,1,774
182,226,6,4,136,87,5,95,5,2,9858
183,201,7,3,96,59,3,85,2,4,18449
184,290,5,1,78,66,2,71,2,5,6785
185,297,5,1,64,83,4,69,5,1,4526
186,209,3,2,99,85,3,67,2,4,1839
187,332,2,4,63,89,4,82,2,5,4250
188,394,2,6,133,81,5,84,5,3,3509
189,202,4,7,97,92,2,87,4,1,4174
190,371,2,5,107,96,5,75,3,5,5138
191,277,6,1,77,68,4,76,1,4,9555
192,293,4,2,143,55,4,68,6,2,3181
193,364,5,3,71,62,4,83,4,5,7420
194,277,6,2,127,80,4,75,6,2,9935
195,255,2,3,59,51,4,67,3,3,1124
196,316,7,1,139,84,4,86,6,5,22107
197,339,4,3,111,81,4,61,1,5,5074
198,337,3,3,72,95,3,78,4,2,1272
199,314,4,1,86,100,5,94,4,2,2530
200,249,6,6,72,73,3,81,4,4,10912
201,388,7,1,63,67,2,90,6,4,19756
202,381,4,7,150,50,3,76,4,3,4658
203,289,4,5,63,87,5,87,3,2,2912
204,326,6,1,86,58,3,83,1,5,11532
205,346,4,2,115,79,5,63,1,1,2275
206,375,2,2,91,67,4,88,2,2,978
207,318,7,6,62,59,5,85,4,2,19537
208,291,4,5,51,86,2,66,2,3,2413
209,358,7,2,50,96,2,75,4,3,17918
210,376,5,7,51,81,3,70,5,5,9934
211,398,6,6,99,65,1,95,2,5,12876
212,247,5,7,120,76,3,67,1,3,6366
213,366,4,4,68,61,2,69,1,4,2889
214,392,3,3,108,94,4,60,6,2,2561
215,358,2,2,144,69,3,89,5,1,1420
216,325,5,3,118,97,2,74,5,3,4705
217,392,4,6,149,63,5,77,2,2,3679
218,335,4,2,141,90,5,91,1,4,3346
219,358,6,4,92,72,3,62,2,2,8742
220,237,7,4,98,84,2,88,5,2,18247
221,267,2,7,115,73,4,80,4,5,6608
222,397,6,1,150,59,2,81,6,3,10022
223,304,7,7,138,81,5,79,6,5,24851
224,254,7,1,73,66,1,61,1,5,20389
225,231,7,5,107,65,4,73,4,4,19441
226,259,4,6,150,53,2,82,2,5,6019
227,371,2,2,132,63,4,72,6,4,3260
228,310,7,1,57,57,3,85,1,1,17395
229,239,5,6,90,85,2,65,3,3,5238
230,318,5,3,102,54,1,74,4,2,4047
231,349,5,2,134,55,3,75,3,4,4938
232,385,2,5,68,66,2,92,3,1,1363
233,320,6,6,58,68,3,61,3,2,9775
234,304,5,5,55,61,2,85,4,4,5556
235,290,7,6,130,75,2,73,6,3,20231
236,248,6,4,141,86,4,86,1,4,9869
237,244,3,3,140,89,1,91,1,4,1918
238,333,7,3,120,91,4,62,6,5,22168
239,382,5,4,88,78,1,91,1,4,5051
240,283,3,2,141,57,2,74,6,3,2373
241,371,2,7,103,61,4,73,6,4,5619
242,222,3,2,139,61,5,88,4,4,2669
243,335,7,6,117,78,5,70,6,3,20867
244,293,5,3,108,52,3,72,1,4,4833
245,232,2,7,144,91,1,64,2,2,3017
246,373,4,5,68,82,2,89,1,5,5408
247,398,2,6,77,82,1,66,1,1,1954
248,337,2,7,50,73,4,69,6,1,4513
249,353,2,2,99,59,3,63,4,2,993
250,318,3,7,87,97,3,82,3,4,4416
251,219,4,2,87,79,1,67,5,4,3145
252,337,7,1,63,56,1,60,4,2,17612
253,336,5,2,90,60,2,76,6,3,5260
254,368,5,7,82,72,4,76,1,2,6416
255,216,5,5,134,50,3,76,2,3,4561
256,335,3,5,107,61,5,95,5,1,2718
257,257,2,7,62,98,2,84,6,4,5272
258,345,4,7,117,60,1,90,5,4,5687
259,341,6,7,117,89,1,70,2,5,13934
260,328,5,5,142,58,4,93,2,3,4883
261,215,2,2,55,76,3,80,5,3,1418
262,228,3,4,104,65,1,75,6,2,2303
263,300,4,1,125,74,1,75,6,2,2926
264,336,6,5,148,56,4,74,2,1,9283
265,212,6,6,131,54,4,78,5,3,10670
266,318,7,5,65,53,1,65,1,5,21060
267,245,6,6,74,93,4,66,4,3,10303
268,387,5,2,145,93,3,62,5,2,4561
269,227,7,2,115,84,2,84,5,3,18221
270,349,6,5,53,70,5,65,5,5,13312
271,276,7,4,113,73,3,66,2,3,17934
272,367,6,1,150,82,5,89,3,4,10190
273,268,7,4,96,96,4,64,3,4,18948
274,340,7,6,143,97,2,68,6,1,20065
275,250,3,4,139,68,1,71,3,3,1348
276,370,7,5,90,85,5,66,4,1,18926
277,224,3,3,93,85,4,95,5,5,4827
278,307,4,1,104,67,2,67,3,3,1910
279,372,5,4,59,59,3,64,1,1,4015
280,228,6,6,90,61,5,72,2,5,13293
281,385,4,4,120,84,5,70,5,1,3193
282,206,5,2,69,95,5,61,4,2,4490
283,312,4,3,119,77,4,72,5,4,3593
284,359,5,4,96,69,3,84,3,5,7277
285,204,4,4,142,95,1,84,5,3,2672
286,256,4,1,98,95,1,88,3,5,4764
287,331,6,6,92,96,2,66,2,1,9694
288,305,6,4,90,61,3,91,1,3,8903
289,362,2,6,146,69,2,85,1,2,2037
290,336,5,4,96,67,2,60,6,5,8376
291,269,4,3,74,93,1,72,4,2,1904
292,392,2,2,104,80,5,89,3,4,2439
293,220,4,6,89,62,5,66,6,5,7805
294,248,6,7,104,99,2,79,5,1,11351
295,347,2,3,104,57,4,71,1,1,951
296,231,5,2,108,97,2,62,3,1,3742
297,341,2,1,61,79,3,76,6,1,1965
298,273,4,2,115,84,1,82,2,3,1849
299,313,4,2,138,55,4,67,1,5,4998
300,392,5,6,127,61,5,71,6,4,8019
301,324,5,5,114,83,3,77,2,5,7565
302,323,6,4,91,78,2,74,5,5,12369
303,316,3,5,102,96,5,89,5,5,5847
304,200,6,2,99,86,5,62,4,3,9359
305,320,2,2,62,52,5,67,5,4,2827
306,202,7,1,72,50,3,71,6,2,18615
307,332,7,7,59,100,2,82,1,1,19803
308,395,7,5,108,90,5,95,3,1,18831
309,290,7,3,121,55,2,73,6,4,19768
310,307,4,3,105,99,1,84,5,3,2574
311,277,4,2,82,50,3,61,6,3,3132
312,239,6,7,106,60,4,69,1,1,10905
313,254,3,4,72,56,1,64,3,5,4156
314,261,2,6,83,73,3,79,3,4,3015
315,391,4,7,60,90,5,81,2,5,7818
316,392,5,4,58,92,2,60,3,2,4108
317,305,2,1,101,92,5,63,2,1,1237
318,332,7,1,150,91,4,62,6,4,20018
319,333,3,4,74,87,3,75,2,4,2188
320,242,7,3,73,54,3,86,3,2,17535
321,246,6,5,84,57,1,70,4,3,9355
322,223,3,2,58,75,2,69,3,3,1027
323,394,2,6,85,72,1,67,6,1,3247
324,254,4,7,118,51,5,73,5,3,5411
325,286,7,4,120,73,3,92,1,1,17718
326,201,2,1,57,59,5,84,4,2,1348
327,252,3,1,80,78,4,91,6,2,2334
328,392,6,5,143,99,3,87,5,2,9856
329,325,4,2,102,76,2,60,1,5,4740
330,382,3,4,95,96,4,81,4,5,4790
331,259,2,7,54,71,4,70,4,4,4419
332,362,2,6,140,91,5,89,5,2,3295
333,278,5,4,127,79,5,83,5,4,6218
334,292,4,4,118,95,4,76,5,4,3762
335,331,2,6,110,64,1,71,6,3,3446
336,306,3,7,62,77,3,83,1,3,3498
337,271,3,4,91,88,3,85,2,5,4253
338,202,3,2,144,50,2,84,6,2,2081
339,373,3,6,65,82,4,92,5,2,3067
340,217,4,5,110,87,5,70,1,2,2788
341,249,2,5,75,90,5,62,6,3,3293
342,318,7,6,57,89,3,80,2,5,21870
343,280,2,4,114,51,1,61,4,5,4174
344,301,5,2,94,93,4,62,2,5,7091
345,282,4,1,85,64,4,92,2,1,1821
346,378,5,1,136,53,3,74,1,1,3854
347,358,6,1,140,73,4,66,1,5,11791
348,229,2,5,105,52,1,94,3,2,1248
349,362,7,3,73,62,1,66,3,3,17772
350,248,6,5,108,75,4,86,1,4,10204
351,375,7,4,88,79,3,67,2,3,18014
352,252,4,5,81,94,2,68,3,1,2238
353,242,6,2,90,87,3,65,1,1,8360
354,383,2,6,61,56,4,69,5,1,2774
355,366,6,5,58,91,3,68,4,5,12446
356,344,4,5,72,51,1,70,4,1,2444
357,233,4,3,102,52,1,83,1,3,1825
358,333,6,5,105,98,3,60,5,1,9708
359,353,4,7,117,87,2,76,5,2,4726
360,393,3,2,123,77,5,66,2,5,4682
361,246,3,3,88,97,5,63,4,4,2720
362,252,6,4,54,100,3,63,1,4,9611
363,259,5,1,109,56,3,71,2,3,3960
364,279,7,3,65,100,3,76,6,1,18791
365,381,4,4,66,94,1,78,1,2,1931
366,286,3,2,137,71,1,68,2,2,874
367,300,6,4,56,53,5,63,6,1,10422
368,362,4,5,63,74,5,79,6,5,7269
369,284,3,4,63,74,1,60,6,3,2516
370,272,7,6,107,65,4,75,4,3,19382
371,336,5,7,144,72,1,92,2,1,6193
372,270,2,5,51,75,1,62,5,1,1742
373,387,3,2,122,89,5,94,4,4,2853
374,383,4,3,128,73,3,77,4,4,3122
375,382,5,2,132,82,4,68,2,3,4318
376,327,4,5,57,65,2,95,6,2,3534
377,291,7,4,69,69,5,74,5,2,18848
378,275,6,1,117,100,2,61,6,5,12771
379,292,4,2,91,70,5,70,1,4,3212
380,201,2,6,97,76,3,76,6,1,3151
381,264,4,7,102,67,3,91,3,3,4355
382,277,3,6,93,82,1,72,2,5,5206
383,308,7,7,118,88,2,86,5,1,20450
384,299,3,6,53,79,5,93,2,5,5828
385,339,5,5,114,78,5,67,3,2,5086
386,335,3,5,134,96,5,61,5,1,2746
387,288,2,5,120,87,4,95,2,2,1551
388,389,2,4,142,59,5,85,5,3,2457
389,324,3,7,101,72,1,88,5,4,4877
390,327,4,3,119,52,2,64,4,4,2966
391,320,2,4,127,85,3,82,4,4,2260
392,352,7,7,109,89,1,68,4,4,21110
393,345,3,5,86,80,3,61,2,3,1776
394,334,7,4,140,53,5,69,2,4,19328
395,333,6,7,147,96,1,74,5,3,11691
396,277,5,6,106,78,5,60,2,3,5831
397,394,4,7,76,100,3,70,3,5,7356
398,342,3,6,93,96,3,93,1,5,5373
399,392,3,5,95,83,3,60,3,4,2684
400,372,7,1,132,96,2,87,4,1,17771
401,246,7,6,79,78,3,73,1,2,18698
402,290,4,7,58,95,1,82,5,2,4603
403,247,5,5,137,95,2,66,4,5,7690
404,301,3,7,108,75,2,89,3,2,3351
405,279,7,3,143,73,2,67,3,1,17551
406,244,7,6,104,55,2,83,4,2,18893
407,205,4,2,78,86,4,60,6,4,4040
408,395,2,3,72,78,5,60,1,3,1586
409,223,7,5,99,80,3,93,5,1,18633
410,322,2,4,80,86,3,66,1,4,1943
411,224,5,6,145,53,2,72,4,3,5427
412,298,2,2,56,58,5,84,2,4,2205
413,297,6,3,65,85,2,77,3,1,8477
414,204,7,5,90,54,2,95,6,1,19185
415,295,7,7,122,60,1,80,5,5,23520
416,233,6,7,54,53,5,67,1,4,12230
417,336,7,5,69,64,3,64,2,3,18307
418,357,5,5,70,59,4,70,5,2,5224
419,295,6,1,56,82,2,63,5,5,12041
420,291,2,7,108,100,1,66,6,1,4298
421,251,7,7,149,67,5,89,2,3,20651
422,306,7,6,121,58,2,71,3,1,18753
423,302,6,5,56,78,5,86,5,2,10209
424,306,2,5,81,74,1,74,5,5,4943
425,375,2,1,56,91,1,94,6,2,1977
426,282,3,5,144,71,1,81,4,3,1951
427,397,2,2,78,71,3,65,6,1,2037
428,331,2,6,124,77,2,74,6,5,6366
429,394,5,7,80,94,3,93,4,1,6528
430,224,5,7,95,94,4,77,2,2,6325
431,280,7,5,50,56,2,63,6,5,22315
432,376,4,1,101,57,3,88,6,1,3024
433,342,7,4,122,93,4,69,4,5,21324
434,288,6,1,73,71,2,71,3,5,11505
435,276,6,3,119,50,2,94,1,5,11540
436,352,6,7,147,81,4,68,3,5,14283
437,303,3,2,132,83,5,82,4,3,1988
438,298,6,1,146,96,5,66,6,1,10306
439,345,5,5,94,69,1,77,1,4,5365
440,213,6,3,108,87,5,71,6,2,10290
441,238,6,3,82,86,1,90,5,3,9227
442,342,4,6,145,96,3,89,4,1,3331
443,317,2,4,101,79,2,68,1,5,3993
444,392,3,2,136,88,4,94,6,5,5650
445,311,7,6,75,59,2,84,3,1,18734
446,350,2,6,129,75,5,74,4,4,3857
447,323,4,6,135,59,1,83,4,5,6304
448,300,5,1,80,100,4,90,6,3,5495
449,205,2,5,116,81,5,62,4,5,5129
450,332,2,5,54,69,1,91,4,2,1489
451,308,4,2,98,96,4,87,4,4,3163
452,240,7,2,61,81,5,80,1,1,17913
453,285,6,1,67,58,5,71,1,4,9912
454,294,7,2,79,75,4,86,4,2,17902
455,350,5,3,110,94,2,74,6,4,6167
456,275,5,2,83,58,5,72,1,5,7376
457,270,4,2,117,66,5,85,3,1,2281
458,385,5,4,102,71,2,71,3,4,5131
459,290,4,6,66,62,1,70,1,3,3052
460,272,5,6,96,64,2,73,1,4,5965
461,304,2,2,112,86,3,92,1,5,3852
462,231,7,6,113,94,1,73,1,1,18613
463,303,3,3,87,72,5,61,6,3,3011
464,369,2,1,124,87,5,86,5,4,2974
465,335,2,5,92,100,3,92,6,4,3678
466,339,4,4,67,56,3,65,1,2,1924
467,336,7,6,71,90,3,82,3,3,19084
468,376,4,7,105,61,5,61,5,4,6300
469,309,2,3,103,71,5,89,1,4,2334
470,202,6,7,61,96,1,69,4,1,10861
471,269,5,4,71,54,2,95,4,1,4147
472,376,7,7,149,56,4,82,2,5,23264
473,382,3,1,136,60,1,69,1,5,4023
474,277,5,3,133,62,3,74,3,5,7038
475,307,5,1,60,62,5,71,6,1,5552
476,263,2,3,116,68,5,77,4,2,1550
477,367,6,6,70,71,4,76,3,4,11015
478,358,5,7,145,81,4,95,6,1,7753
479,377,2,4,143,73,5,81,3,2,1700
480,350,4,2,111,60,5,94,1,5,5410
481,301,7,3,146,59,5,81,2,4,19140
482,219,2,4,126,77,4,89,4,2,1339
483,254,6,4,119,91,4,67,6,1,10116
484,226,6,6,85,62,5,66,2,2,10186
485,395,6,7,87,89,1,83,5,4,12485
486,362,5,4,120,69,4,78,4,3,4769
487,307,2,2,107,73,4,82,3,2,985
488,396,2,3,134,74,3,85,1,3,1126
489,363,3,2,105,88,4,81,4,5,4535
490,354,4,5,106,51,2,71,1,5,5376
491,372,6,7,68,56,1,81,3,4,11864
492,350,5,2,129,85,2,68,3,5,6991
493,279,6,5,147,71,5,69,2,1,9612
494,345,3,1,102,68,5,95,2,4,2522
495,341,3,7,87,69,5,93,2,2,3906
496,375,2,5,131,79,2,67,5,3,2192
497,376,2,2,87,86,3,61,4,4,2019
498,296,6,6,78,98,3,70,4,1,9947
499,229,6,7,136,52,2,69,6,1,11976
500,229,5,4,145,78,4,78,3,4,5272
501,373,5,3,108,75,1,87,5,5,7598
502,384,3,4,96,83,4,79,5,2,2049
503,216,4,2,145,73,2,78,5,3,2438
504,337,2,2,52,83,1,76,4,4,1878
505,300,5,6,62,91,4,77,3,2,5323
506,371,5,5,69,65,2,95,6,4,6687
507,265,4,4,81,91,4,70,6,2,3368
508,257,5,5,97,98,2,88,6,4,6621
509,395,6,7,93,89,4,87,5,5,14846
510,304,3,3,111,98,1,82,3,3,1241
511,270,6,1,87,52,4,63,4,3,9002
512,232,2,4,53,88,3,88,4,2,1121
513,228,4,1,115,93,3,64,5,4,3254
514,221,5,3,62,55,1,85,1,1,3634
515,384,7,3,131,96,5,68,4,1,18447
516,250,3,5,78,96,5,68,2,4,3020
517,381,5,1,86,56,5,85,6,2,5685
518,308,5,1,137,82,4,90,3,1,4081
519,304,7,6,113,79,1,63,5,4,20310
520,305,4,6,127,82,3,84,1,1,3006
521,369,3,5,143,98,5,82,1,5,5315
522,270,3,3,99,85,4,69,2,1,1117
523,355,2,2,101,71,5,69,5,4,2917
524,306,5,1,68,66,2,82,3,5,6866
525,370,2,6,123,99,3,67,1,3,2311
526,317,5,7,120,65,1,85,1,1,6118
527,224,3,4,50,86,1,64,5,2,1577
528,293,2,3,134,78,2,67,2,2,746
529,385,4,4,102,63,4,60,1,4,3175
530,261,5,5,112,79,3,62,2,5,7483
531,280,5,2,113,81,1,90,6,3,5250
532,238,3,7,149,71,5,63,3,3,4118
533,347,3,1,113,56,5,75,4,1,1716
534,272,2,7,130,54,5,86,3,2,3714
535,375,3,2,94,79,3,95,3,1,1063
536,396,5,6,93,82,1,63,6,1,6357
537,378,2,5,72,76,5,86,5,5,5649
538,399,7,1,148,68,5,85,4,2,18418
539,270,6,3,87,94,5,68,2,4,10044
540,322,6,4,102,52,1,68,6,2,9900
541,362,4,3,101,53,1,87,5,2,2366
542,235,3,4,95,92,2,69,1,3,1254
543,252,4,4,106,51,1,75,2,4,2800
544,387,5,3,106,87,4,71,5,2,4770
545,231,6,3,139,87,3,81,3,3,8799
546,273,7,2,119,74,1,63,4,2,17643
547,382,3,4,106,69,2,90,2,1,1180
548,333,3,4,98,70,1,71,3,2,1188
549,344,3,1,115,81,4,64,2,1,1125
550,290,3,2,56,76,2,92,1,5,3920
551,301,5,4,84,83,2,72,3,5,7148
552,341,2,5,70,94,5,87,4,5,5255
553,243,6,5,73,56,4,70,4,1,9361
554,259,7,5,99,96,2,84,3,3,18315
555,315,4,1,149,62,5,67,2,5,5383
556,287,3,5,129,83,4,66,5,2,2342
557,369,5,7,57,58,3,72,1,5,9294
558,267,2,1,130,56,3,71,5,5,4392
559,365,2,1,92,91,1,81,6,4,2988
560,239,6,1,150,87,5,67,6,2,10271
561,229,3,6,105,60,3,87,3,3,2428
562,271,3,5,93,73,3,72,5,3,2323
563,275,3,3,73,63,4,65,1,4,2086
564,261,3,4,135,65,2,69,4,2,1335
565,219,6,6,109,54,3,82,4,3,10118
566,319,3,2,123,91,4,87,1,4,2165
567,365,6,5,83,98,2,70,5,2,9689
568,241,3,1,118,92,1,77,1,1,780
569,225,7,3,88,56,3,69,5,5,21155
570,237,5,1,125,59,3,72,5,3,4569
571,383,2,1,54,56,3,71,3,1,764
572,201,5,1,147,70,1,93,6,2,4965
573,349,4,1,83,67,4,81,5,3,2733
574,340,3,5,114,56,1,78,5,1,2087
575,237,2,7,59,58,2,74,1,5,6002
576,273,6,2,78,67,4,94,1,4,9587
577,369,4,1,91,67,4,74,6,1,3178
578,320,6,7,75,82,5,90,5,5,15114
579,375,4,3,91,78,4,88,1,4,3019
580,349,2,2,144,62,4,95,1,1,957
581,299,2,6,149,66,3,74,6,2,3329
582,241,4,1,129,61,3,70,1,5,4735
583,386,5,4,73,93,3,89,1,5,7231
584,373,6,5,106,57,4,67,3,3,9580
585,258,2,4,109,72,3,83,2,4,1935
586,394,4,7,112,88,1,88,4,2,4395
587,393,6,2,51,62,3,60,1,2,8467
588,304,7,6,104,74,4,92,5,3,19796
589,361,7,5,54,70,2,71,2,3,18264
590,274,6,6,138,51,4,93,3,4,10990
591,337,6,6,107,58,3,69,1,4,10749
592,354,7,2,52,50,4,79,1,3,17859
593,349,2,1,140,68,4,80,4,3,1427
594,367,5,1,54,54,5,64,5,2,4944
595,238,7,5,115,55,1,80,4,5,21303
596,375,2,7,82,98,4,64,5,4,4952
597,293,6,1,91,64,3,93,4,3,8895
598,275,3,6,74,98,1,79,6,3,3610
599,292,7,7,137,62,4,67,4,3,20524
600,329,2,3,119,76,3,77,3,1,877
601,219,7,3,120,91,4,95,4,4,18949
602,352,5,2,50,69,5,78,1,3,4557
603,382,2,5,98,92,5,71,3,5,5135
604,345,7,6,136,88,3,73,1,1,18827
605,216,3,3,92,76,3,82,4,5,4254
606,272,6,5,149,95,4,80,5,2,9911
607,214,7,1,86,93,2,83,5,3,18167
608,234,3,3,103,79,5,73,6,1,2730
609,297,2,6,139,73,5,71,6,4,4858
610,311,3,2,148,70,4,91,4,2,1419
611,300,7,2,81,92,1,70,1,3,17607
612,370,4,5,71,65,5,73,5,2,3512
613,373,5,7,122,61,1,61,1,2,6172
614,240,6,5,145,57,2,85,3,2,9058
615,233,4,7,51,96,1,75,6,3,5421
616,310,6,4,59,65,3,83,2,4,9665
617,366,3,2,110,97,2,81,3,3,1255
618,369,4,3,111,61,5,74,1,2,2373
619,377,2,6,56,78,4,65,5,3,3031
620,314,2,4,91,75,1,76,4,2,1136
621,213,7,7,51,93,2,95,1,4,20702
622,355,3,1,131,66,4,90,3,2,1250
623,305,5,2,66,91,3,76,6,1,5057
624,221,6,4,84,74,2,80,4,4,9785
625,372,4,2,147,57,5,87,2,5,5472
626,208,5,2,79,98,3,64,6,3,5207
627,260,4,7,106,90,1,85,3,1,4052
628,274,5,3,90,80,1,71,6,1,5016
629,336,6,1,66,75,3,61,6,1,9695
630,220,3,7,107,68,2,95,3,5,6357
631,221,4,4,143,94,5,63,5,1,3048
632,384,3,3,117,94,4,68,6,5,5664
633,392,5,2,105,88,1,89,6,2,5148
634,275,3,7,149,98,2,64,1,5,6375
635,322,6,2,53,80,4,89,1,1,8599
636,365,4,6,121,90,5,67,2,2,3637
637,383,3,1,134,95,4,95,2,4,2252
638,283,4,6,103,69,4,77,1,2,3142
639,374,7,2,53,75,2,61,5,4,19050
640,361,5,1,58,70,1,70,6,4,6011
641,364,3,6,61,79,1,66,6,3,3654
642,205,2,1,60,85,1,70,3,4,1563
643,375,6,6,95,86,5,71,3,5,13535
644,285,2,5,70,73,3,64,1,3,1478
645,284,3,7,105,92,3,88,2,2,3343
646,275,6,3,63,78,3,73,5,2,9084
647,213,7,2,79,100,1,65,2,1,17293
648,357,5,1,137,85,5,64,3,5,7601
649,370,6,3,133,98,1,92,5,4,10195
650,348,5,7,149,73,5,80,3,5,10004
651,400,7,4,147,84,5,88,2,2,18455
652,281,3,2,133,85,3,86,1,5,4056
653,340,3,3,84,85,2,75,2,5,4063
654,253,4,5,127,64,2,91,2,2,2246
655,279,5,3,112,61,1,76,1,4,4755
656,250,7,1,84,96,4,66,1,3,17806
657,201,6,7,111,94,1,94,2,3,10936
658,233,4,2,148,63,4,86,2,2,1879
659,398,5,4,80,57,3,90,6,2,5415
660,262,7,6,82,65,1,83,4,2,18881
661,384,3,1,115,99,4,89,1,2,1216
662,261,6,3,59,63,5,72,2,3,9193
663,310,7,1,85,89,1,65,5,5,21113
664,240,2,4,56,53,5,77,4,5,4716
665,352,2,1,76,96,2,62,6,3,2176
666,390,2,2,94,97,3,75,2,3,1039
667,211,7,4,91,79,2,61,3,5,20728
668,207,5,1,73,87,5,65,6,5,8607
669,362,6,2,115,69,1,85,3,5,11625
670,240,7,3,87,65,2,92,6,1,18688
671,208,4,7,116,83,1,82,6,2,5239
672,268,5,4,150,91,5,64,4,1,4834
673,373,4,2,52,66,2,60,1,4,2631
674,291,3,4,87,84,3,73,4,5,4498
675,251,3,2,114,98,4,87,5,5,4815
676,373,5,3,50,77,5,77,6,1,5702
677,358,2,5,60,66,5,74,2,1,1856
678,358,5,2,102,94,1,76,3,3,4093
679,335,4,1,77,79,3,84,4,4,2965
680,207,4,1,114,93,2,60,5,4,3161
681,316,5,7,74,58,5,80,1,2,6714
682,362,6,2,116,74,1,69,1,5,11541
683,230,2,2,116,57,5,67,6,4,3464
684,343,6,1,130,63,1,71,4,3,8883
685,249,5,5,100,80,5,88,5,2,5545
686,354,2,3,67,89,2,73,5,4,2364
687,227,4,3,124,52,1,72,3,1,1662
688,238,4,2,62,90,3,78,2,3,1844
689,210,2,4,125,67,4,74,6,1,2316
690,326,6,5,148,70,1,64,1,3,9254
691,298,3,1,63,82,4,84,5,3,1895
692,224,2,6,64,89,2,63,6,3,3318
693,364,2,3,71,80,1,78,4,4,1989
694,204,6,1,125,66,1,72,5,3,9108
695,358,5,6,74,51,1,62,2,2,5018
696,375,5,2,74,75,2,73,3,3,4078
697,325,2,1,60,56,3,62,3,4,1721
698,344,3,3,124,69,4,70,2,3,1444
699,380,4,5,141,63,4,86,1,1,2574
700,293,2,2,92,94,4,72,1,4,1876
701,332,5,6,53,77,3,68,3,1,5113
702,308,2,4,70,56,1,61,4,1,1036
703,210,7,1,128,61,5,73,6,2,19228
704,330,5,4,128,96,2,86,3,4,5146
705,205,4,5,85,74,1,68,6,1,3375
706,260,2,3,86,98,3,94,5,5,4478
707,314,6,5,142,70,3,86,1,1,9097
708,399,5,1,95,56,2,65,2,2,3808
709,269,5,1,119,94,3,60,2,3,4009
710,274,5,3,97,99,4,61,2,3,4257
711,206,4,7,114,62,3,88,5,3,4843
712,290,3,1,106,55,2,89,1,3,1047
713,354,5,6,92,70,3,83,5,4,6747
714,226,4,6,67,68,2,68,2,4,3802
715,287,6,3,138,82,4,64,5,2,9346
716,340,2,3,144,70,4,76,1,3,1238
717,304,5,7,66,86,5,90,6,1,7989
718,239,7,3,90,85,4,74,6,1,18926
719,342,2,2,117,50,5,72,1,3,1499
720,255,4,7,108,93,4,77,3,5,7415
721,257,4,2,80,97,3,91,2,1,1667
722,261,2,4,107,100,4,81,2,3,1354
723,385,3,4,64,59,4,87,5,5,5101
724,334,4,2,144,98,1,85,2,4,2745
725,382,6,4,145,54,5,75,4,2,9600
726,370,5,1,91,70,2,71,3,4,4848
727,268,2,2,54,70,3,80,3,2,719
728,286,5,6,117,88,2,91,3,4,6123
729,356,5,4,73,56,5,67,3,3,4883
730,342,3,5,77,57,4,61,5,5,5412
731,227,4,4,94,86,3,62,4,4,3114
732,381,2,4,90,93,2,67,6,4,3252
733,345,5,3,117,60,1,65,5,2,4452
734,321,7,7,55,70,3,94,4,5,23213
735,279,2,4,92,56,2,75,3,1,886
736,245,4,5,102,70,3,64,5,2,2873
737,322,7,4,113,67,5,77,6,2,19599
738,361,6,7,143,55,4,92,2,5,14224
739,392,7,7,127,94,1,94,3,4,21023
740,261,7,6,130,93,2,65,6,2,19995
741,305,6,1,130,91,4,80,5,3,9504
742,361,3,7,127,59,4,60,3,5,6710
743,268,5,4,132,51,3,65,6,1,5280
744,353,7,2,74,71,5,71,4,4,19295
745,256,4,4,57,68,5,72,5,1,2982
746,379,4,4,75,55,1,94,5,5,5636
747,228,4,2,67,92,3,78,1,2,1623
748,309,6,3,103,62,5,74,1,1,9034
749,309,3,2,62,60,1,75,2,2,815
750,362,6,4,51,80,5,93,5,5,12992
751,265,5,4,81,97,5,72,1,1,4521
752,270,3,5,89,73,1,80,1,4,2402
753,329,2,7,148,65,3,85,1,4,4171
754,240,7,3,102,70,1,62,3,3,17689
755,374,2,3,86,68,5,71,2,2,1385
756,340,7,4,131,98,4,89,6,3,19517
757,222,5,5,70,67,2,91,6,1,5515
758,315,2,1,82,86,3,89,4,3,1189
759,325,2,2,65,92,3,80,4,1,943
760,385,7,6,105,71,3,62,2,3,19067
761,203,7,1,145,71,2,62,5,5,21059
762,208,2,3,53,80,3,87,6,4,2944
763,325,5,4,98,80,4,64,2,5,7348
764,301,4,6,69,97,2,65,4,3,3367
765,349,6,2,95,79,1,68,6,3,9927
766,316,3,6,69,81,5,78,1,5,5839
767,332,4,5,118,85,1,86,3,3,2593
768,231,3,4,74,67,2,94,6,3,2515
769,268,4,6,93,79,2,60,1,5,5959
770,398,2,7,65,56,5,83,6,4,5983
771,221,2,6,145,95,1,76,3,4,2973
772,324,7,6,140,50,2,88,2,5,21864
773,364,2,6,73,59,3,68,4,1,2235
774,265,2,3,101,57,3,61,4,2,971
775,265,2,3,92,71,1,70,2,1,630
776,355,5,6,111,74,2,89,4,5,8445
777,332,4,7,75,89,2,82,1,3,4259
778,397,6,1,120,85,5,64,1,5,12198
779,369,3,1,148,69,3,81,5,4,2645
780,342,5,4,149,55,4,64,5,3,5112
781,314,4,6,85,74,5,93,4,2,3801
782,285,5,2,100,55,3,92,1,5,6884
783,228,6,4,91,56,3,77,6,4,10888
784,218,5,7,77,88,4,71,3,4,7340
785,227,7,6,98,91,1,73,2,4,19630
786,202,7,4,146,83,4,62,2,3,18076
787,207,4,2,51,83,4,69,3,2,1823
788,212,3,4,108,66,3,75,3,1,1126
789,235,6,1,121,78,4,74,1,3,8786
790,228,6,1,125,94,4,60,4,4,9816
791,315,4,7,139,62,3,91,1,5,7240
792,268,3,6,132,77,1,81,6,3,3637
793,315,6,6,146,64,2,89,6,5,14120
794,209,3,7,67,95,4,62,4,5,6714
795,361,7,5,76,69,5,65,5,1,19254
796,310,2,6,90,75,1,80,3,5,5085
797,356,2,1,56,83,5,85,4,1,1496
798,221,5,4,143,86,3,91,4,4,5278
799,226,4,3,96,83,3,66,1,5,4780
800,338,3,3,145,86,2,76,6,3,2522
801,317,6,5,75,81,5,75,5,3,10442
802,239,3,1,128,57,5,92,2,2,1433
803,333,4,3,97,87,3,87,5,1,2421
804,291,4,2,123,87,1,82,5,3,2494
805,203,3,6,96,65,4,87,2,3,2509
806,257,2,3,126,53,5,73,5,5,5002
807,257,4,7,58,64,5,60,5,2,5142
808,343,4,2,57,83,4,89,6,1,3162
809,287,5,5,74,73,4,83,3,5,7732
810,357,7,2,75,86,4,72,5,5,21422
811,393,2,1,59,65,3,73,3,4,1807
812,354,2,2,83,79,5,74,1,4,2290
813,345,3,3,72,71,3,86,4,3,1483
814,289,7,6,63,72,2,63,4,1,18866
815,395,4,6,137,55,2,82,2,4,4043
816,244,2,6,127,90,5,69,6,3,4018
817,303,6,5,68,100,5,90,6,2,10918
818,200,2,6,117,64,2,74,5,5,5544
819,309,2,6,99,91,2,60,5,2,2564
820,203,2,2,127,85,5,70,6,3,2693
821,283,5,6,52,58,1,81,6,2,6220
822,367,3,7,99,84,2,79,3,2,3407
823,322,4,7,122,75,4,83,1,2,4311
824,305,6,2,132,72,3,61,6,4,10767
825,294,3,2,59,85,4,80,3,1,1119
826,206,7,2,58,68,5,78,6,5,22279
827,256,2,1,84,51,2,65,2,2,549
828,291,6,5,50,64,5,66,3,3,9819
829,307,7,5,79,80,3,85,5,4,19717
830,240,4,6,92,62,3,60,3,4,3965
831,350,5,6,97,93,3,87,1,5,8257
832,269,7,5,136,51,3,73,2,3,18303
833,241,3,2,59,86,1,73,5,5,4466
834,279,2,7,60,51,4,78,5,1,3788
835,284,7,4,127,73,5,74,3,1,18325
836,258,6,1,52,100,5,73,3,2,8997
837,304,3,4,108,71,1,77,1,3,1309
838,399,6,2,131,53,4,78,3,5,11912
839,247,6,2,53,65,1,71,1,5,11354
840,331,6,5,59,97,2,81,4,5,12365
841,335,4,6,78,72,4,88,6,2,4476
842,270,3,7,60,52,5,60,5,5,7459
843,388,5,7,104,90,5,60,1,2,6821
844,303,6,5,53,82,2,79,1,4,9959
845,288,7,5,85,74,2,83,4,2,18261
846,324,2,3,67,58,2,89,4,2,959
847,204,2,2,119,79,5,90,3,3,1492
848,327,4,7,139,60,3,68,4,3,4595
849,364,4,4,60,55,4,94,4,2,2402
850,258,2,2,110,60,2,88,4,2,869
851,309,4,3,144,56,2,93,4,4,3005
852,295,2,2,62,52,1,87,3,2,658
853,395,3,7,94,82,4,81,1,3,3799
854,218,5,6,134,87,4,77,6,1,6493
855,263,3,7,80,90,1,65,5,5,6890
856,302,2,4,143,98,1,68,2,3,1164
857,231,4,6,54,93,3,86,5,3,3734
858,394,4,2,97,86,1,78,2,2,1744
859,373,6,6,56,88,5,63,5,3,11150
860,379,4,1,60,74,3,62,2,4,2720
861,366,6,2,62,77,2,79,2,2,8438
862,341,7,7,123,84,3,83,4,5,23299
863,260,3,5,71,64,1,63,4,3,1829
864,358,7,1,135,95,1,95,4,4,18773
865,243,4,5,78,80,5,66,2,2,2789
866,220,4,6,126,58,4,79,5,4,4703
867,334,4,5,101,76,4,74,2,4,3532
868,248,3,5,111,98,2,73,2,1,1435
869,354,5,1,104,96,3,90,3,5,7062
870,366,3,3,133,93,4,74,6,4,3570
871,250,7,2,90,55,3,73,6,4,19694
872,371,3,2,99,59,1,81,1,4,1899
873,305,6,4,53,75,1,95,6,1,9853
874,225,4,7,75,60,2,64,6,4,6181
875,354,5,3,90,57,3,77,5,4,5510
876,313,3,5,89,94,5,60,4,5,5427
877,354,4,6,71,66,2,87,2,5,6053
878,304,7,3,50,98,3,78,1,5,20627
879,368,3,4,135,96,4,83,5,5,5185
880,331,6,7,103,77,4,75,5,3,11883
881,223,2,4,117,60,5,61,1,5,4502
882,243,2,3,149,61,4,64,2,2,930
883,226,4,7,118,68,4,84,5,1,4801
884,277,2,2,70,61,1,69,2,5,3663
885,292,6,3,120,98,5,70,4,4,10347
886,232,3,2,78,89,5,66,2,5,4487
887,219,2,4,106,83,4,84,4,4,2314
888,379,7,4,133,75,1,74,6,3,19269
889,333,6,4,59,78,4,68,5,3,9697
890,393,4,5,60,83,2,95,6,5,6714
891,371,7,7,73,81,5,92,4,5,23836
892,281,6,4,140,92,4,95,6,4,11212
893,339,2,3,92,73,1,67,6,5,5111
894,344,7,1,108,85,5,93,3,1,18150
895,220,7,5,121,61,4,62,6,4,20470
896,230,6,5,65,79,1,83,4,3,9361
897,243,2,5,147,82,2,88,6,4,3558
898,400,3,6,103,69,4,94,1,2,2491
899,207,2,5,122,53,5,68,2,1,1752
900,287,6,1,53,89,1,93,2,1,8318
